Group,daily_1,daily_2,daily_3,daily_4
Other (6850),1.0000000110000005,0.9999999769999994,0.9999999960000017,0.999999988000002
